{
    "web-01": {
        "cpu_mean": 59.71617430816906,
        "cpu_std": 4.32469102119885,
        "cpu_p95": 66.82196670519696,
        "mem_mean": 63.91699740651101,
        "mem_std": 7.920795212499628,
        "mem_p95": 77.88756762149025,
        "lat_mean": 17.89499482133096,
        "lat_std": 3.0194283187819293,
        "lat_p95": 22.75321661492835
    },
    "app-01": {
        "cpu_mean": 72.2297589588765,
        "cpu_std": 6.080090546491219,
        "cpu_p95": 82.37327005473486,
        "mem_mean": 77.47421290960992,
        "mem_std": 10.033157452077337,
        "mem_p95": 94.84175555380067,
        "lat_mean": 25.037471285915167,
        "lat_std": 4.2697431958474,
        "lat_p95": 31.523512342662983
    },
    "db-01": {
        "cpu_mean": 44.92682540423711,
        "cpu_std": 4.118983819125864,
        "cpu_p95": 51.26677935464906,
        "mem_mean": 55.429536711486506,
        "mem_std": 5.810819701390057,
        "mem_p95": 63.90834754298788,
        "lat_mean": 11.759879840831617,
        "lat_std": 2.063183837374478,
        "lat_p95": 15.039013011613054
    }
}